"name","year","id","type__001","type__002","type__003","rate","story","director__001","director__002","director__003","actor__001","actor__002","actor__003","actor__004"
"十万火急","1997","1304045","剧情","爱情","冒险","7.3","消防队长云（刘青云饰）是个刻己尽责的救火队员，每当意外发生，他都要和队员赶到火场。新调来的上司（方中信饰）决心以严谨纪律重整阵容，他的苛刻要求招致一众消防员的不满。但在生活上，他们各自并不如意。上司重遇前妻，形同陌路。一心为事业的女见习队长（黄卓菱饰）也与丈夫貌合神离。云在一次现场抢救过程中，搭救了Carmen（李若彤饰）。\n面对那场突然爆发的灾难性的五级大火，对消防员自身构成危险，所有人必须离开火场，火场內藏有大量危险品及引致大爆炸，並且释放出大量有毒气体，而火场內仍有生还者待救。身处生死边缘的消防队员们，仍决定奋不顾身继续救人，最后他们能否成功？©豆瓣","杜琪峰","","","刘青云","方中信","李若彤","刘松仁"
"麻雀飞龙","1997","1764897","喜剧","动作","爱情","6.9","剧情描述嗜赌如命的香港女警秀钿，因负债累累而回大陆东莞相亲。另一方面，赌术精堪的北鬼首在出狱之后，遭死对头南天龙纠缠不清，希望将他招揽旗下，但他已决心退出江湖，只好想办法逃离中国。秀钿巧遇北鬼首，答应跟他假结婚藉以交换传授赌术。","元奎","黎大炜","刘镇伟","萧芳芳","赵文卓","柯受良","卢惠光"
"基佬40","1997","1302926","喜剧","同性","","7.7","家声（林子祥 饰）已经四十六岁了，至今仍未成家。他青梅竹马女友丽泉（伍咏薇 饰），要求与他之间做个了断。两人多年来没有结果是因为家声是一名同性恋者。而家声是有一名男朋友Sonny（陈小春 饰）的，但Sonny十分享受花花世界给他带来的虚荣，这样便使得家声觉得十分没有安全感，却又对Sonny的感情越来越深。\n家声一名同性恋好友永烈因艾滋病死去了，家声劝止永烈的男友（吴镇宇 饰）不要出现在丧礼上，却被Sonny从中捣乱，家声也因此与Sonny分手了。\n但家声复杂的感情世界并没有因为这样得到解决……©豆瓣","舒琪","","","林子祥","陈小春","吴镇宇","伍咏薇"
"我有我疯狂","1997","1300280","悬疑","","","0","廖小璇（陈宝莲饰）与丈夫马祖辉驱车在夜里游玩，汽车失事堕海，马祖辉意外身亡。人们根据种种迹象，怀疑这是廖小璇一手策划的谋杀丈夫案件，马祖辉生前购下的巨额保险和廖小璇以往的不良纪录，更是增加了疑点。马祖辉的家族一口咬定是廖小璇所为，但又拿不出过硬的证据，于是保险公司派来调查员贾淑贤（袁洁莹饰）。此人表面上代表律师替璇洗脱罪名，暗地里是搜集证据要钉死廖小璇。可是，在整个过程中，贾淑贤发觉廖小璇并不是阴险毒辣的人，转过头来帮助廖小璇。一个自称是马祖辉太太的女人金露露（宫雪花饰）出现在大宅里面，目的很清楚是那笔保险金，金露露与廖小璇水火不能相容。贾淑贤经过调查，发现马祖辉原来有一桩秘密的婚外情，而对象竟然就是…","侯永财","","","陈宝莲","蔡少芬","袁洁莹",""
"夜半2点钟","1997","1479883","喜剧","恐怖","","5.6","（1）《化装》∶失业多时的化装师好不容易找到一份工作，就是为女星伊娃修补被火毁容的脸孔，但她渐渐觉得不对劲，原来伊娃早已死於大火，是她的鬼魂在作祟。\n（2）《猛鬼电视台》∶三个电视台姐仔跟踪天皇巨星黄昏，想揭发他的绯闻，想不到见到其女友的真容竟令她们仓忙逃命。究竟是什么令他们惊慌失措呢？\n（3）《幽灵广告》∶广告界新丁在拍一个广告时发现玩火车捐山窿的小朋友多了一个。接着怪事频频发生。©豆瓣","钱永强","","","陈小春","周文健","黄伟文","徐锦江"
"一个好人","1997","1295547","动作","喜剧","犯罪","7","澳大利亚墨尔本，华裔厨师积奇（成龙 饰）是当地小有名气的人物，定期在电视上主持烹饪节目。\n毒枭金·卡洛（Richard Norton 饰）集团颇有势力，金·卡洛本人残暴冷酷，清除了敌对帮派的卧底之后率众和对方在仓库大打出手，而枪战全过程被记者戴安娜（Gabrielle Fitzpatrick 饰）用摄影机记录。在躲避贩毒集团追逐的路上，戴安娜巧遇积奇，后者仗义出手为她引开歹徒，孰料两人分手时戴安娜错将积奇的节目录像带当做证据带走。戴安娜的住处很快被贩毒集团找到，遍搜不获的歹徒们开始将目标转向积奇。积奇女友美琪（李婷宜 饰）远道来访，特意参加了积奇的节目录制，贩毒集团在录制现场围捕积奇，经过一番街头苦战，积奇终于脱险。黄雀在后的金·卡洛敌对帮派带走了美琪，要挟积奇用录像带换人，一时间，围绕着录像带，积奇、警方、以及两个犯罪集团陷入了混乱的争夺战。©豆瓣","洪金宝","","","成龙","理查德·诺顿","李婷宜","卡伦·麦克利蒙特"
"黄飞鸿之西域雄狮","1997","1292843","动作","历史","西部","6.9","黄飞鸿（李连杰 饰），十三姨（关之琳 饰）和鬼脚七（熊欣欣 饰）三人远赴美国旧金山，只因一年前牙擦苏（陈国邦 饰）在美国开设宝芝林至今终于扎下了脚跟。黄飞鸿于路搭救了落难的美国快枪手比利（Jeff Wolfe 饰），不想他们的旅队被林中埋伏的印第安人冲散，黄飞鸿为救十三姨落入湍急河流，头部受撞击后下落不明。十三姨和鬼脚七被人救起送至宝芝林，牙擦苏得见二人大喜过望，为这华工颇受镇长欺侮的小镇生活增添了生机。比利因出众的枪法受雇为助理治安官，对华人颇有好感的比利凭一己之力予以华工帮助。失去记忆的黄飞鸿被印第安人部落收留，因十三姨坚持不懈的寻找二人终于团聚。与此同时，镇长与匪帮勾结为自己牟取暴利，事发后撇开匪帮导致后者大举报复，被镇长栽赃的黄飞鸿挺身而出，大战西部群匪……©豆瓣","洪金宝","","","李连杰","关之琳","熊欣欣","陈国邦"
"97家有囍事","1997","1305197","喜剧","","","7.6","老先生（乔宏 饰）有三个儿子。老大老良（黄百鸣 饰）整天忙于工作而忽略了老婆贤淑（伍咏薇 饰），贤淑每天在家中打点，却遭到老公误会她红杏出墙。次子老非利用读书逃避到投身社会，个性单纯，向往爱情却遭到伤害，之到后来认识了从北方来的小莲（吴倩莲 饰）。适逢老三老恭生日，平日老恭作恶多端，生性风流，两个哥哥以买彩票为名作为礼物送给老恭，其实那本来是一张过期的中奖彩票，他信以为真，因此欠下了巨债。祸不单行的他撞车脑震荡，变得疯疯癫癫……©豆瓣","张坚庭","","","周星驰","黄百鸣","吴镇宇","乔宏"
"爱情Amoeba","1997","1307709","喜剧","","","6.3","阿东（张智霖 饰）、阿郎（葛民辉 饰）和布拉德（许志安 饰）是同居一室的室友兼好友。阿东和女友（汤宝如 饰）相恋多年，彼此之间感情十分稳定。然而，这段波澜不惊的感情却令阿东感到乏味和疲惫。\n某日，阿东偶然之中遇见了久别的漂亮表妹，热情活泼的表妹很快就吸引了阿东的注意，在表妹身上，阿东寻得了久违的激情和重获青春的感情。然而，女友对自己的依恋让阿东无法和她说出实情，夹在两个女人之间，阿东苦苦无法做出选择。布拉德向来喜欢流连于莺莺燕燕之中，风流快活，哪知道一位神秘女子的出现，竟然让一向洒脱的布拉德陷入了苦恋之中。©豆瓣","舒琪","","","张智霖","葛民辉","黄子华",""
"黑玫瑰义结金兰","1997","1499719","喜剧","","","6.9","冰室伙记阿武暗恋的嗒糖被无恶不作的酸梅汤掳走，幸遇退隐江湖三十年的女侠黑玫瑰。黑玫瑰多年来将吕奇禁锢，希望动之以情，令吕奇回心转意。武与吕奇劝黑玫瑰重出江湖，对付酸梅汤。","元奎","刘镇伟","","薛家燕","林海峰","吴君如","柯受良"
"抱拥朝阳","1997","1302137","剧情","","","6.5","故事发生在一条正在全速驶往目的地的豪华游轮之上。汉至谊（袁咏仪 饰）和父亲汉海防及母亲阮贞淑一起偷渡到香港，希望能够在这里落地扎根，拥有更美好的生活。汉海防的父亲在香港留有价值不菲的祖业，再家长与汉家交好的易祖勋的帮助，海防很快就建立起了自己的商业帝国，两个家庭的关系亦因此而更加的密不可分。\n易君恕（林家栋 饰）是易祖勋的儿子，他和汉至谊是从小玩到大的青梅竹马，彼此之间感情十分深厚，都将彼此视为会携手步入婚姻殿堂的人选。在一次交易中，易祖勋故意放出假消息，误导了海防，虽然这让海防获得了巨大的成功，却也变成了全香港房地产商们的眼中钉肉中刺。©豆瓣","谭朗昌","","","林子祥","袁咏仪","潘虹","林家栋"
"最后判决","1997","1301817","剧情","","","7.2","阿李（刘青云 饰）是一位神父，一生兢兢业业传道授业，向世人宣讲神的伟大和光辉。然而，一场意外之中，阿李竟然沦为了强奸犯，被推上了被告人的席位，接受法律的审判。阿李的特殊身份令此案充满了猎奇的意味，人人都认为阿李必定获得有罪判决，然而只有阿李的心中明白，自己从未背叛过信仰。\n乔红（李若彤 饰）是一位恪尽职守的律师，这也就意味着，在她的眼中，善恶输赢皆是手中翻覆的玩物，唯有利益才是永恒不变的真理。阿金（曾志伟 饰）身为双手沾满了鲜血的黑帮头目，却是阿李门下最虔诚的信徒，神宽恕他的罪孽，却不能阻止他继续作恶。他们是唯二站在阿李身边支持他的人，在他们的帮助下，阿李能否洗刷罪名，重获清白呢？©豆瓣","赵崇基","","","刘青云","李若彤","曾志伟","黄佩霞"
"蜜桃成熟时1997","","11639245","","","","","","","","","","","",""
"一个字头的诞生","1997","1307372","动作","喜剧","犯罪","8.3","阿狗（刘青云饰）是三十多岁的黑社会马仔，他处于艰难的抉择中，要么继续浑浑噩噩的在黑道上混下去，要么轰轰烈烈的大干一场。于是发生了两个截然不同的故事结局。他跟随黑帮偷运货车，但由于乌合之众组织不善，阿狗也在他乡不幸命丧黄泉。第二个故事，有着大团圆的结局：阿狗因为英雄神武，为人果断机警，行动屡屡成功，被阿猫看中，邀他一同去台湾当杀手，在台湾威霸一方，阿狗的“大志”得以实现。©豆瓣","韦家辉","","","刘青云","吴镇宇","李若彤","徐锦江"
"赤足惊魂","1997","11620520","剧情","惊悚","情色","6.3","香港发生连环分尸案，死者皆为年轻女性，下肢被截。\n色魔(郑浩南饰)恋足成癖，逍遥法外，将一个个年轻女子绑架强暴之后截其下肢做成标本收藏。\n女警(梁铮饰)与其同为警察的男友(谢天华饰)为了色魔分尸案大伤脑筋。一次执行保镖任务的途中色魔偶遇女警，被其吸引，跟踪其到家，日夜躲藏在其左右。\n女警的亲生妹妹空姐Kelly(野本美穗饰)回家巧遇色魔，被其掳走。色魔用其妹要挟女警。\n到底女警能否救下妹妹，将色魔正法呢？©豆瓣","黎继明","","","郑浩南","梁琤","野本美穗","谢天华"
"天地雄心","1997","1305187","爱情","悬疑","奇幻","5.8","1997年，作为联合国选出的“十大未来领袖”之一的靳铁生博士（刘德华 饰）正陷入了一场谋杀阴谋，其他几位未来领袖先后身亡，期间全港通讯出现故障，有人死于人体爆炸……警方迅速展开对靳铁生的保护，然而靳铁生仍然沉浸在失去女友Adele（李嘉欣 饰）的痛苦之中，他拒绝了英国MI6部门的保护，要求自己的小学同学——CID焦大鹏（黄秋生 饰）贴身陪伴自己。随着焦大鹏和MI6的调查深入，众多嫌疑对象被一一排除，然而靳铁生再次遭遇怪事——死去的Adele送给他一张卡片，卡上正是一位MI6重重保护中的人物的地址，而此人很快消失无踪。警方侵入某日本网络系统，获得了一连串事件背后策划者的部分信息——他们关注了大量各宗教经典中对于世界末日的描述。这时，Adele再次出现，留给靳、焦两人前往布拉格机票，在那里，也许有所有问题的答案……©豆瓣","陈嘉上","","","刘德华","李嘉欣","黄秋生","刘倩怡"
"初恋无限Touch","1997","1298822","剧情","喜剧","爱情","7.4","沈志康（陈晓东 饰）生于香港草根阶层，只能在野鸡学校就读。康与好友在音响公司做兼职，他们为一所名校的歌唱比赛设置音响。阿康看到了在地铁偶遇的女孩——阿塔（梁咏琪 饰）两人的接触越来越多，很快就坠入情网了。阿康知道阿塔出身高贵，品学兼优，便顿生自卑感，欺骗女友自己也同样拥有高贵身份，闹出笑话。阿塔的母亲知道后，使她对阿康的印象大打折扣，更与阿康的父亲之间产生误会。小情侣之间也产生了矛盾。会考在即，阿塔的母亲阻止二人交往，由于阿塔心情不佳影响了考试成绩，没法考上满意的学校，只好到英国求学，初恋情人将面临分手……©豆瓣","马伟豪","","","陈晓东","梁咏琪","黄伟文","陈彦行"
"97古惑仔战无不胜","1997","1293265","动作","剧情","","7.5","黑社会洪兴社的屯门区话事人恐龙被东星社的耀扬杀害后，龙头蒋天养（万梓良）决定从山鸡（陈小春）和生蕃中选出一个填补该空缺，铜锣湾的话事人浩南（郑伊健）深知该职的压力，力劝山鸡放弃与人争权夺位，但苦劝无效。生蕃为打压山鸡，勾结耀扬设下诡计，令山鸡好友大天二死于非命。\n另一方面，屯门区某中学教师欣欣（李嘉欣）一向反感黑社会，但在结识浩南后，对黑社会的以往印象有所改变，更在短短时间内对浩南产生倾慕之情，两人发生一夜情。然而因为生活于两个完全不同的世界，加上浩南始终无法对前女友（黎姿）忘情，他们的感情注定只能是无疾而终。©豆瓣","刘伟强","","","郑伊健","陈小春","李嘉欣","莫文蔚"
"至激杀人犯","1997","1305154","","","","6.3","该剧中的喜:因为小时候常常被人欺负,长大后心灵扭曲是一个不折不扣的变态杀人狂(喜在杀人的时候会感到心里平衡).喜在里面演的人物很老实像天佑跟满芬,又招人疼又让人心酸.最后的结局真是让人感动！","叶天行 (Stephan Yip)","","","郑则仕","王敏德","王喜","文颂娴"
"回转寿尸","1997","1306345","喜剧","奇幻","恐怖","6.5","本片由三个故事组成：\n故事一《头魂》：讲述年轻警察（林晓峰 饰）负责看守一宗无头女尸案的现场，竟然发现了案情的真相跟管理员七叔（林尚义 饰）有关。\n故事二《撞鬼》：年轻夫妇（徐锦江 饰）（江希文 饰）开车撞死人不顾而取，结果被鬼魂一直纠缠，把夫妻两捉弄得苦不堪言。\n故事三《最后晚餐》：老母亲（罗兰 饰）逝世了，她的儿子（黄秋生 饰）、媳妇（苑琼丹 饰）、孙子孙女便是十分不孝。母亲在三七之夜回到了家里，原来仍牵挂着自己的孩儿。众人才能感受到老母亲的爱，但已太迟。©豆瓣","叶伟信","","","黄秋生","江希文","林晓峰","徐锦江"
"夺舍","1997","1301993","喜剧","犯罪","惊悚","6.6","黄子华饰演的警察在一次抢劫案中枪导致半身不遂，同案中负责为歹徒开车的流氓李修贤则中枪变成植物人。黄子华不想象废人般过下半生，在智慧老人夺舍后变身的吴倩莲指导下，利用李修贤的躯体重生。不料李修贤原来是个可恶的人渣，在他家乡大屿山恶名远播。新的李修贤却聪明灵俐而有正义感，光看他如何还债及重获三个老婆的芳心便趣味十足。知道内情的妹妹翁虹公开单恋哥哥，以及黄子华每次对李家的女人想入非非便要上厕所等成人趣味的安排也乐而不淫，颇令人有意外惊喜之感。\n夺舍，在道教中指夺取别人的身体驱壳以求得生存。警官Tommy（黄子华饰）最喜欢哼的一句歌就是：“Tell Laura I love her。”，他的女友Laura也是警察，喜欢周华健，家里有一个华健的纸板人像。Tommy在和匪徒的交战中中枪导致下身瘫痪，大小便失禁。“夺舍”成功的吴倩莲原来是失意女子从楼上跳下而未死，她指点Tommy，使警官借南丫岛烂仔腾鸡（李修贤饰）的躯体存活下来。腾鸡原来是个非常令人讨厌的人，在他家乡大屿山恶名远播，现在变成了一个孝顺大方聪明伶俐而有正义感的好人。Tommy的灵魂帮腾鸡解决了好多家庭问题，可是Laura却对这个新的 Tommy失去了兴趣，智慧老人告诉他解决办法只有Walk out，即弃舍。而腾鸡原来参与一宗抢劫案的搭档怕他不牢靠，要将他除掉，经过追逐，车毁人亡，腾鸡命归西天，黄子华脱壳而出，变回女友的歌星偶像周华健。一年后，腾鸡成为了南丫岛的岛主，一个好人，而且还参加竞选。","邱礼涛","","","李修贤","于莉","黄子华","蔡少芬"
"猛鬼通宵陪住你","1997","1307022","喜剧","恐怖","","6.3","大毛（吴镇宇 饰）发现他与朋友们牙丫（钱嘉乐 饰）、番茄（雷宇扬 饰）与小云（黎姿 饰）一起开的的便利店里面有些不寻找的事物。但朋友们面对大毛的表述，都觉得只是大毛的迷信看法，都随便敷衍了事，大毛深感无奈。\n大毛刚认识的警察陈查礼（黄子华 饰）从母亲（罗兰 饰）那里得到了些民间的驱魔辟邪的方法，同时也发现朋友们的举动十分古怪。在查礼的调查之下，才发现了这间便利店背后的故事。\n当他们听到这个故事后，都不寒而栗，深怕事情同样发生在他们的身上。到底，在这间店的背后，发生了什么令人心寒的故事呢？©豆瓣","钱升玮","","","吴镇宇","黄子华","黎姿","钱嘉乐"
"宋家皇朝","1997","1302455","剧情","历史","爱情","7.7","政局腐败民不聊生的晚清末年，宋查理（姜文）凭借其在美国所获先进知识与孙中山（赵文瑄）合力，企图推翻满清。\n其后，宋查理留学美国的各具风情的三个女儿学成归国，老大宋霭龄（杨紫琼）下嫁商人孔祥熙（牛振华），老二宋庆龄（张曼玉）不顾父亲反对追随了革命者孙中山，老三宋美龄（邬君梅）则在先是革命者后是叛国者的蒋介石（吴兴国）的狂烈追求下成为其妇，三人的命运开始在动荡不安的政局中随着对其时的中国最重要的三个男人的命运沉浮。©豆瓣","张婉婷","","","张曼玉","邬君梅","杨紫琼","赵文瑄"
"呢个乜野场","1997","1863351","喜剧","剧情","","0","","何澍培","","","叶芳华","周文健","莫可欣 Hoyan Mok","麦家琪"
"兰桂坊7公主","1997","3068423","剧情","","","4.5","七位不同性格的少女，由于经常出没于中区兰桂坊一带的热门“浦区”，故自称“兰桂坊七公主”。七人坚守自己订下来的几大规条：有面子，有台型，有着数，有目标，和最紧要好玩。即便日常工作不如意，但只要黑夜来临，几个人便沉醉酣歌热舞，享受短暂浪漫。在一次偶然机会下，七公主之一米之莲因与金牌睇场王子相识，并且互生情愫。岂料王子乃“西九龙中心四条　Queen”之一孔雀所喜欢的人，从此两女便交恶起来 ......","侯永财","","","张睿羚","童爱玲","赵学而","陈炜"
"阴阳路","1997","1480051","恐怖","","","6.7","由 “讲古佬” 毕彼得（雷宇扬 饰）的叙述开始，分别带出四个鬼故事。\n《抄墓碑》讲述三名青年（古天乐、丁子峻、朱永棠 饰）到荒岛上度假，夜晚在海边偶遇三个露营少女（蔡少芬、麦家琪、白嘉倩 饰）便一起大讲鬼故事，Ken自认大胆，提议到附近坟场抄墓碑上死人的资料，在抄墓碑时发现了其中一名刚认识女子的墓碑。\n《阴阳路》讲述一个天昏地暗的下午，杜先生（陈锦鸿 饰）与妻子（钟丽缇 饰）相约在餐厅吃饭，与情妇在开车途中发生争执，发生交通意外，结果妻子仍然不断接到丈夫电话......\n《红当当》讲述小波、大B、Jo Jo去祭拜已故朋友Ken，在陵园无意中被已故杜先生的鬼魂缠上，幸遇与“毕彼得”长相一摸一样的灵异专家“一颗痔”解救。脱险后“一颗痔”警告其少穿红衣，“跟红顶白”是鬼怪的习惯......\n《佗地位》讲述电影明星雄哥（吴志雄 饰）带着他的女友May（伍咏薇 饰）前往电影院看一出他有份主演的恐怖片，两人误坐了两个“鬼陀地”的“陀地位”，最后，在剧院洗手间突然遇到灵异事件，一直走不出剧场……©豆瓣","郑伟文","谭朗昌","邱礼涛","古天乐","雷宇扬","丁子峻","朱永棠"
"两个只能活一个","1997","1296623","剧情","犯罪","","7.7","生活潦倒的穷鬼阿武（金城武）某次因为赌博被人殴打至重伤后，开始把生命看得一文不值，拿命赌命以八万元代价接了一宗杀人买卖。行动前因为获得八十万意外之财，阿武又爱惜起生命来，请了刚从监狱出来的女杀手卡雯（李若彤）代他完成任务。\n卡雯无法对旧情释然，屡次要阿武去见有负于她的旧男友，否则拒绝行动，阿武于无奈之下听命，却在了解事实真相的过程中慢慢爱上了卡雯，然而任务必须进行，阿武开始犹豫是否再把卡雯替下来自己去杀人。©豆瓣","游达志","","","金城武","李若彤","卞宇民","赵志诚"
"我爱厨房","1997","1295179","剧情","爱情","","7.4","艾琪（富田靖子 饰）是路易（陈小春 饰）在大陆唯一的亲戚，最近，因为相依为命的祖母去世，艾琪陷入了悲伤的低谷无法自拔，为了安慰和陪伴她，路易将艾琪接到了自己的家中同住。艾琪是个古怪的女孩，脑袋里装满了消极又怪异的奇思妙想，因为这性格，艾琪和路易以及路易那变性人母亲华姐（罗家英 饰）之间的关系十分紧张。\n一次意外中，华姐去世了，直到失去至亲，路易才明白这其中的伤痛是如何的难以消解，亦开始慢慢理解艾琪曾经告诉他的人生道理。如今，在艾琪和路易的世界里只剩下他们彼此了，孤独和绝望中，这对男女究竟会迎来怎样的结局呢？©豆瓣","严浩","","","陈小春","罗家英","富田靖子","莫文蔚"
"南海十三郎","1997","1303913","剧情","传记","爱情","9.2","开片是说书人因聚众滋事，被警察（黄霑 饰）带到了警局问话，借说书人之口讲述了粤剧金牌编剧——南海十三郎艺海浮沉的一生。作为江太史公的十三子，江誉镠（谢君豪 饰）自由顽皮，出入名流场所。一次偶然的舞会，他遇到了上海的千金小姐莉莉（吴绮莉 饰），然而双方有缘相逢，无 份结亲。后来，他跟随她来到上海，竟落得穷困潦倒。\n2年后，回到了广东的家中，他已被学校除名。当时太史公已经年事已高，他便天天去看戏，从不受戏班老板薛老五赏识，到后来成为御用编剧一鸣惊人，人送绰号——南海十三郎。然而，时局动荡，他到了江西写剧本慰劳前线战士，因看不过同行媚俗之作，愤然出手，不欢而散。这时一次车祸，让他与昔日恋人重逢，可惜她已嫁给老外。十三郎郁郁寡欢，后来入寺修行，却在一次代人祈福的对话中，得知了自己家道中落的败局，他疯了……©豆瓣","高志森","","","谢君豪","潘灿良","苏玉华","梁汉威"
"古惑天堂","1997","1297856","喜剧","剧情","","6.5","Lily（Ada）因曾当小偷，死后来到人间法庭，被罚来世作狗，为人看守财物，幸得法援律师为她求情，法官乃念他心地善良，所以重轻发落，后来改判她下一世为一靓女，但一遇上爱情，就极为痛苦。\n但审判期间，她依然贼性未改，临走又偷了一副可以预知未来的天庭眼镜。她渐渐长大并预言她父亲会死于一场车祸，她的家人认为她是不祥之人，自此将她赶出家门。\nLily在孤儿院长大并在一间餐厅做女侍应，她在那里遇见了阿伦（陈浩民）。伦向她求婚，她开心的答应。谁知伦竟是一骗子，他打算将Lily卖到妓院……","章国明","","","蔡少芬 (Ada Choi)","唐文龙 (Michael Tong)","罗家英 (Kar-Ying Law)","彭丹 (Diana Pang)"
"完全催花手册","1997","1303271","动作","","","0","神探侦探社的“Bob”生性风流，但办事能干。他联同三位美丽同事在世界各地破获不小奇案！“太阳”善用拳脚，外表刚劲！但她的感情世界，常纠缠在如浓雾中的三角恋中！“星星”柔情似水有机智，性乐观只会展望将来！“月亮”是牛津法律系高材生，性格刚烈，善用飞刀，百发百中！悍匪Andy被神探俏娇娃在芝加哥某天台围捕时，令Andy妻子在高处堕楼身亡。Andy恨在心，誓要报仇！Andy追到香港，令俏娇娃们危机重重。","傅佩瑜 (Pui-Yu Fu)","","","梁琤","伍咏薇","孙佳君","周文健"
"借钱专家","1997","1295153","剧情","","","0","一个平庸的小市民“低B”，是一个十分普通的新闻记者，最近被同事好友陷害，炒股票，还欠下一身高利贷。某夜，他目睹绑匪二人互相残杀，发现了两百万美元的赌金。并偷了三四十万美金。更结交了一班损友。因妻子寂寞的绿故，而和酒醉大春在家中发生关系，不料低B带了二个美女回家过夜，最后，互相发现而起了争执，大春举起铁锤打向低B，另一方面警探阿超锲而不舍地追查低B，直至在逃的另一绑匪鬼影出现，低B坚决不承认偷走赎金，而妻子为了救低B，死在绑匪枪下，低B亦难逃被杀的命运……","黄靖华","","","周文健","江希文","莫少聪",""
"春光乍泄","1997","1292679","剧情","爱情","同性","8.9","黎耀辉（梁朝伟）与何宝荣（张国荣）是一对同性恋人，为了有新的开始，他们怀着美丽的梦想（去看南美洲大瀑布）离开香港来到阿根廷，却在布宜诺斯艾利斯迷了路。黎耀辉想安下心来过日子，无奈何宝荣于夜夜笙歌中放纵着自己的生命，以期找寻更多的刺激，只当黎耀辉是他受伤后的港湾，两人分歧 、争吵越来越多，心的距离越来越远。\n黎耀辉明白过去的日子不可能再复返时，决定离开何宝荣，而正是在他离开后，绝望的意味（对黎耀辉的爱）才在何宝荣的脑海中完整地浮现。©豆瓣","王家卫","","","张国荣","梁朝伟","张震",""
"马永贞","1997","1304694","动作","剧情","","6.9","1898年山东大旱，无数难民涌入上海求生，人流中马永贞（金城武 饰）、马大祥（元华 饰）兄弟俩亦来到这片英国人掌控下的东方乐园，二马无技傍身，只好从码头苦力做起。马永贞机缘巧合结识上海码头之王谭四（元彪 饰），并凭借出色身手获得其欣赏。其时谭四与巡捕房支持的杨双连番血战，马永贞遭遇混战，为谭四的一壶春舞厅出手击退强敌，对卖场其中的歌女金铃子（宣萱 饰）一见钟情。谭四感佩马永贞义气，将一壶春和老板娘艳阳天一同赠送之。马永贞遂以一壶春为起点，率众攻占杨双地盘，激起上海滩无数杀伐。马永贞遭遇杨双暗算，命悬一线之际却再遇金铃子……©豆瓣","元奎","","","金城武","元彪","宣萱","周嘉玲"
"天才与白痴","1997","1307554","剧情","喜剧","","6.8","妙莲将患有智力障碍的儿子阿辉（葛民辉 饰）留在庙街，自己远赴加拿大结婚。在庙街，是善良的阿炳（许志安 饰）一家人精心照料着阿辉。雯雯（朱茵 饰）暗恋阿炳多时，然而阿炳的心却系在另一名女子身上，这让雯雯感到十分伤心。\n某日，一场意外让医生发现了生长在阿辉脑中的肿瘤，将其切除，哪知道没有了肿瘤，阿辉竟然获得了能够预知未来的能力，一时之间在庙街炙手可热。妙莲回来了，然而阿辉的心中怨恨母亲当年抛弃自己，对母亲十分冷淡诸多刁难。与此同时，阿辉得知自己将在不久之后打回原形，在雯雯和妙莲的支持和鼓励之下，阿辉接受了这一事实，并和不离不弃的母亲化解了恩怨。©豆瓣","赵崇基","","","葛民辉","许志安","朱茵","罗家英"
"战狼传说","1997","1293516","动作","剧情","","6.4","青年阿Ben（梁汉文 饰）通过网络试图寻找最著名的杀手战狼，终于得到战狼搭档威叔（黄子华 饰）的引见，在熟睡的战狼面前，威叔向阿Ben讲述他们年轻时的故事——战乱年代，阿威生活的小村中闯入了一个失忆陌生人冯文轩（甄子丹 饰），阿威为冯文轩引路，半途遇上山贼，冯文轩大开杀戒，令阿威折服，拜其为师。山贼一伙并未善罢甘休，对冯文轩展开连番追杀，冯文轩伤重之时，因阿威而与旧日恋人惠怡（李若彤 饰）重逢，冯文轩寻回了失去了记忆，发现自己曾经竟也是山贼的一员，而越来越严酷的杀伐令他与恋人深陷险境……阿Ben听了二人的讲述后，并未改变心意，并揭露了自己寻找冯文轩的真正目的……©豆瓣","甄子丹","","","甄子丹","黄子华","李若彤","林国斌"
"最佳拍档之醉街拍档","1997","1306562","喜剧","动作","","6.1","性感妖娆的妙龄女子万玲（钟丽缇 饰）是个纵横江湖绝少失手的红颜神骗。某社团老大被万玲骗尽钱财，一气之下心脏病突发身亡。临终前，该老大将社团托付给在美国打拼的独子浩式（谭咏麟 饰），并命令他亲手杀死万玲为自己报仇。虽然一万个不情愿，但迫于老妈（Maria 饰）和社团同袍的压力，浩式最终接手社团，并在神枪手醉枪（梁朝伟 饰）督促下修炼枪法。两人尾随万玲，伺机行动，而浩式却在这一过程中渐渐迷上这个女子，因此他迟迟无法下手。\n另一方面，万玲曾用梵高的赝品和黑社会老大雷扬（吴镇宇 饰）交易，骗取对方现金200万，遂令雷扬暴跳如雷，不断派人追杀。几组人马凑在一起，场面越来越乱……©豆瓣","钱嘉乐","","","梁朝伟","谭咏麟","钟丽缇","朱洁仪"
"完全结婚手册","1997","1296089","喜剧","","","6.6","珍妮特（杨采妮 饰）和瑞秋（袁咏仪 饰）曾是好友，两人在同学的婚礼上重逢了。瑞秋和王德森相恋多年，即将携手步入婚姻的殿堂，然而，王德森之前有过一段失败的婚姻，因此对举办婚礼这件事情十分的抵触，但瑞秋和他恰恰相反，她希望能够拥有一个如同童话故事中那般完美和梦幻的婚礼。两人之间常常因为此事而产生口角。\n珍妮特经营着一间婚纱店，雇佣了摄影师王志威（陈小春 饰），实际上，王志威一直苦苦的暗恋着珍妮特，但珍妮特始终未能发现。珍妮特爱上了才华横溢的摄影师马特（杜德伟 饰），这让王志威的内心里非常的难过，他选择了离开珍妮特。最终，珍妮特还是擦亮了眼睛，回到了王志威的身边。©豆瓣","阮世生","","","王敏德","陈小春","谷德昭","杨采妮"
"超级无敌追女仔","1997","1308315","喜剧","爱情","运动","5.7","地产富豪之子马超仁（陶大宇）不想依附豪门，到寿司店当学徒。仁遇上情场杀手高级（陈百祥）、狄立（林晓峰）及毛仔（葛民辉），看中了竞选特区小姐的阿菲、Money、苏娜与Fancy，而一班公子哥儿亦对四美起心。四人为夺美人归，使出混身解数，一场追女大战由此展开……","邹凯光","","","陈百祥","陶大宇","徐若瑄","舒淇"
"求恋期","1997","1305436","喜剧","剧情","爱情","7.1","阿全（古巨基 饰）、阿财（苏志威 饰）和阿宝（雷颂德 饰）是情同手足的好友，三人虽然拥有着截然不同的个性，但彼此之间感情十分深厚。阿财和女友阿明（黎姿 饰）之间的感情本来十分要好，然而两人却因为阴差阳错的误会而最终选择了分手。\n阿宝是叱咤情场的泡妞达人，自认为没有他搞不定的女孩，可是这自信却在遇见了古灵精怪难以捉摸的蓉蓉之后被瓦解的粉碎。三人中要数阿全的个性最为内向，在阿宝的牵线搭桥下，阿全结识了名为艾米（张沅薇 饰）的女子，然而这段感情却有缘无分。伤心的阿宝借酒消愁，遇上了同道中人陈太（周海媚 饰），两人之间碰撞出了激情的火花。©豆瓣","谷德昭","","","古巨基","苏志威","雷颂德","周海媚"
"记得香蕉成熟时III一往无前","1997","2072239","剧情","喜剧","","7","杨醒波（邓一君 饰）终于考入港大，而女友阿Ling却即将出国留学，两人就此分手，但波仔并未因此难过反而更期待自由的大学生活。波仔一次街头访问，偶遇了中大新闻系二年级学生阿Jean，阿Jean的成熟和不羁对波仔来说神秘又吸引。多次接触下来，波仔发现阿Jean还是个善良而有理想的独立女性。不料，阿Jean竟突然消失，波仔终日思念。直至一次抗日游行中，波仔和阿Jean再次相遇，却带来另一个让波仔始料不及的消息——阿Jean即将赴北京交流学习。面对又一次的分别，波仔终于鼓起勇气对阿Jean表白，并表示愿意在香港等待她。时间一天天过去，阿Jean的归期依旧未定，两人能冲破空间的距离最终在一起吗？品尝尽爱情苦头的波仔是否能得到爱的甜蜜呢？©豆瓣","张之亮","","","邓一君","杨峥","曾志伟","郑焕美"
"高度戒备","1997","1298492","动作","剧情","","7.1","重案组高级警察包伟雄（刘青云饰）因开枪打死人陷入深深的负罪感之中。前土木工程师麦坤（吴镇宇饰）因赌马失败失去一切，放手一搏准备其惊天大案。但不想一开始就因为杀人嫌疑被包伟雄关进大牢。本以为案件就此结束，麦坤的同伙竟公然在运送麦坤的途中截车救人！\n案情突然变得复杂，麦坤家中藏有大量炸药原料，包伟雄推断麦坤要抢劫金库。但香港金库之多，麦坤的目标到底是哪里？时间一分一秒的过去，陷入窘境的包伟雄，走投无路的麦坤，谁将在今夜成功达成自己的目标？©豆瓣","林岭东","","","刘青云","吴镇宇","高捷","李蕙敏"
"冲上九重天","1997","1307076","剧情","","","6.3","姜山从小就喜欢火箭，立志长大要做个航天专家。在去美国深造前夕，他同从小青梅竹马的海远结了婚，海远留在他家照顾他病弱的母亲。 几年后，姜山学成，他谢绝了导师的挽留，毅然回到祖国西昌航天卫星中心研制火箭。 港商钱程出于对祖国的热爱和对中国航天事业的信心，决定将自己投资制造的通讯卫星——香港之星，请中国卫星发射中心负责发射。 钱程派女儿钱望到内地考察，以姜山为代表的我国年轻的科技工作者们，为了祖国的航天事业，勇于拼搏、无私奉献的敬业精神，感动了钱望，她心中对自身的娇骄二气有所懊悔，并对朴实而不善言谈的姜山产生了好感。姜山用信婉言谢绝了钱望的爱，并向她表达了自己对妻子海远的永远的爱。 钱望到西昌发射基地，看到了当小学教师的海远。海远勤劳善良的品质深深打动了钱望，她了解到山区非常需要教师，使毅然决定留在希望小学。 在香港同胞和内地科技人员的共同努力下，“香港之星”终于在97香港回归祖国前夕发射成功。而姜山则劳累过度病倒了，海远陪伴在他床前，告诉他卫星上天的消息。","黄俊文","","","梁家辉","赵文瑄","黎姿","伍咏薇"
"小倩（动画）","1997","1293098","喜剧","爱情","动画","8.2","故事出自连拍三集的《倩女幽魂》，徐克二维人物动作结合三维背景电脑处理，成为卡通漫画版。电影制作历时四年，糅合了日本动画和中国传统中国板画风格。\n宁采臣（林海峰 配音）在鬼城郭北县遇上了一个令他一见钟情的女鬼小倩（袁咏仪 配音），可惜小倩只想吸取宁的阳气给姥姥（陈慧琳 配音），却意外地救了宁一命。这时道士燕赤霞（黄沾 配音）来到，鬼怪们逃命，宁舍命救了小倩。为免小倩为难，自愿与小倩去见姥姥。当姥姥要吸宁的阳气时，小倩改变了初衷，救了宁。宁与小倩海誓山盟，愿来世再续缘。当他们投胎时，遇到了来报复的黑山老妖，后来被跟来的燕杀死。但是以扫除一切妖魔鬼怪为目标捉鬼大师白云（黄敏民 配音）和十方（葛民辉 配音）却要消灭所有投胎的妖怪，燕不得不与他们斗法，最后两败俱伤。经历了种种磨练，宁终于得以与小倩重逢，再也不分离……©豆瓣","陈伟文","","","林海峰","袁咏仪","杨采妮","黎瑞恩"
"算死草","1997","1293607","喜剧","剧情","","6.9","著名状师陈梦吉（周星驰 饰）与徒弟何欢（葛民辉 饰）认识了女子水莲花（邱淑贞 饰），师徒两人都对水莲花有意思，刚好水莲花也欣赏陈梦吉的才华。这时陈梦吉的老婆吕忍（莫文蔚 饰）从国外读书归来，遇到了尴尬的场面。当何欢知道了师父的计谋后与陈梦吉反目成仇，独自到香港发展。陈梦吉找到了去香港的机会，却得知了何欢因为谋杀被囚禁，梦吉决定为徒弟打官司。法庭上的陈梦吉态度嚣张，被收监两天，他要求在外国学习法律的妻子帮忙，妻子才告诉他自己学习的是时装设计……©豆瓣","马伟豪","","","周星驰","葛民辉","莫文蔚","邱淑贞"
"神偷谍影","1997","1295157","剧情","动作","","6.8","香港高科技商业间谍组织ATM的Jackal（金城武）、Cash（陈小春）、Titan（王合喜）以及他们从未谋过面的秘密首脑Sam（杨采妮）同时受到香港警局情报室主任Stanley（方中信）的邀请，原来Stanley以四人过往犯案的证据及冻结四人账户作要挟，要他们为警方偷取英镑伪钞电模版。\n四人找来聋哑怪人也是电子高手Phoenix（李绮虹），五人合力取得电模版后，按约定地点和Stanley交易，却不料只等来炸弹一枚， Phoenix被当场炸死，原来要挟他们的Stanley早已辞职，此时他们已被香港警局情报室及政府通缉。为了洗脱罪名，四人决意找回Stanley。©豆瓣","陈德森","","","金城武","陈小春","杨采妮","李绮虹"
"爱您爱到杀死您","1997","1302607","喜剧","爱情","","6.3","歌手朱金梅（郑秀文 饰）常常受到一些匿名的恐吓信，令经理人大为紧张，于是\n警方派出黎树根（黎明 饰）假扮同性恋充当金梅的保姆，以便保护。原来一开始的匿名信只是某周刊记者的恶作剧，大家虚惊一场。一开始黎树根觉得朱金梅是一个十分傲慢、好高骛远的人，直到一次朱金梅说出了自己努力要向上爬的原因，使树根就此对她改观，并开始对她有好感，一路鼓励她不要为工作上对手的陷害而气馁。一名变态歌迷声称要绑架朱金梅，并说要与朱金梅一起殉情，令气氛再度紧张。此时朱金梅才发现原来树根就是警察，对树根的情感也浮出了水面。经理人决定让朱金梅暂时退出歌坛，在演唱会上，变态歌迷如期出现……©豆瓣","李力持","","","黎明","郑秀文","吴君如","黄伟文"
"精装难兄难弟","1997","1305058","喜剧","","","7.7","王晶卫（黄子华 饰）是个九十年代前卫的香港导演，但十分轻视六十年代的粤语片。没想到他穿越时空回到了六十年代，他被大导演楚原告知，只要能在六十年代里拍一部受欢迎的电影便能回去。王晶卫虽然十分无奈，也认识了还没有成名时的李奇（罗嘉良 饰）和谢源（吴镇宇 饰）这对难兄难弟。由于王晶卫的特殊身份，便带领两人一举成名。李奇与谢源的各自的女友宝珠（张可颐 饰）与芳芳（舒淇 饰）都移情别恋钟情于王晶卫，十分倾慕他的才华。李奇与谢源得知情况后，与王晶为断绝了来往。而王晶卫所拍的电影，完全没有人欣赏，到底他又能否回到属于自己的时空呢？©豆瓣","曹建南","","","黄子华","吴镇宇","罗嘉良","张可颐"
"对不起，多谢你","1997","1306493","喜剧","","","7.2","没有责任感的李立昌（刘青云 饰），行为粗鲁，多年工作只是在夜总会当个小职员。年少时他与叶婷（叶童 饰）结婚并育有一子Jason（黎应就 饰）。两人性格不合离婚后，叶婷带着儿子到加拿大定居。多年后，叶婷因再婚回港需要李立昌帮忙照顾儿子，可是李立昌吊儿郎当与知书识礼的儿子成为鲜明的对比，此间立昌在儿子身上学会了宽容与尊重。立昌原本有个若即若离的女友Angle（舒淇 饰），由于立昌缺乏责任感，Angle不敢对他付托终身，立昌的改变令他们之间的感情也出现了转机。就在这时，Jason被检验出患有严重肝病……©豆瓣","张同祖","","","刘青云","叶童","舒淇","朱永棠"
"喜气逼人","1997","3421496","喜剧","","","5.5","某旅行社借中国对香港行使主权之际，派贾经理与导游京京率“九七”香港旅行团，到香港旅游。由于过关时延误了时间，原在港预订的旅馆被取消了，旅行团只好暂时住进一家次等旅馆。大家非常不满，但贾经理却在窃喜，因为又可以省下一笔开销。不得已，港方负责接待的林小姐把旅行团安排在主人的豪宅里暂住。贾经理暗恋着京京，而京京与林小姐的儿子周力平一见钟情，使贾经理非常失望。周力平成了旅行团的义务导游，他与京京的关系日渐亲密，这使贾经理醋意大发，多次从中作梗，但总是做茧自缚，为此闹出不少笑话。海鲜酒家聚餐，京京以汇报工作为掩护转移贾经理的注意，众人乘机要了不少海鲜，结帐时，贾大吃一惊。众人客居的豪宅主人从海外回来了，这使自作主张的林小姐非常尴尬，不知如何向主人解释。不料主人非但不怪，还特邀大家作为嘉兵参加纪念“九七”香港回归大型联欢晚会。当“七一”的钟声敲响时，全场爆发出长时间的掌声和欢呼声。","黄靖华","","","沈殿霞","吴孟达","莫少聪","王馨平"
"半生缘","1997","1299624","剧情","爱情","","7.8","1930年代的上海，在同一间工厂做工的世钧（黎明）和曼桢（吴倩莲）成为恋人。曼桢早年丧父，姐姐曼璐（梅艳芳）为了养活一家老小，心痛离别恋人去当舞女赚钱，最终嫁给了有妇之夫祝鸿才（葛优）。\n世钧收到告急家书回到南京，方知家人召回只为让其成亲。因为性格上的软弱，也因久等不来曼桢的书信，世钧最终迎娶了他并不喜欢的门当户对的翠芝（吴辰君）。上海这边，不能生育的曼璐为保全自已的地位，设计令曼桢怀上了祝鸿才的孩子，葬送了曼桢与世钧的爱情。曼璐死后，曼桢为了孩子委身祝鸿才。两个有缘无分的人就这样错过情缘。©豆瓣","许鞍华","","","黎明","吴倩莲","梅艳芳","黄磊"
"飞一般爱情小说","1997","1303987","剧情","喜剧","爱情","8","3个男生回港寻找karen——他们共同喜爱的女子，并且约定不用传媒手段，只是单纯依靠自己的力量去寻找，最后的赢家可以与karen在一起。然而在寻找的过程中，Leslie（钟汉良 饰）遇见了同名的女子Leslie（李绮红 饰），并被她漫不经心的生活态度所吸引；Paul（许志安 饰)偶遇新扎师妹（舒淇 饰），舒淇答应帮许找karen，实际上是在许的陪伴下寻找自己的前男友；笃信佛教的Eddie（林海峰 饰）在求签的指引下每天坐在公车上等待karen，与巴士女司机（伍咏薇 饰）发展出真感情。三对互相吸引的人同度一夜春宵后，女警说出了karen的住址。他们头也不回地奔出旅馆，留下三个面面相觑的女子。他们会找到karen并说出内心的感觉吗？还是珍惜现有的感情与眼前人呢？©豆瓣","叶锦鸿","","","林海峰","伍咏薇","钟汉良","李绮虹"
"阴阳路之我在你左右","1997","1298152","喜剧","恐怖","惊悚","6.6","琛仔（古天乐饰）、紫少（雷宇扬饰）和长发（丁子峻饰）是广播台灵异节目的当红主持人。老板（谷德昭饰）为达收听率不择手段，没有告知三人当年有人因为作该节目暴毙的事。\n一日三人夜晚作节目时接到一个名叫Anita（李蕙敏饰）的少女打来的电话，诉说痛失男友的痛苦。不耐烦的长发让Anita想不开就去跳楼，结果Anita就范。\n此后，三人身边开始不断出现怪事，情况也越来越凶险......©豆瓣","邱礼涛","","","古天乐","雷宇扬","丁子峻","钱嘉乐"
"爱上百分百英雄","1997","1294772","动作","喜剧","","6.4","飞机（郑伊健 饰）本是个上进的警员，在一次行动中杀手天使（方中信 饰）杀死了证人以及飞机的女友后，飞机性情大变。新被调到CID的警察火鸡（陈小春 饰）被安排与飞机拍档，生性乐观的他积极鼓励颓废的飞机，两人友情大增。火鸡遇见了梦中情人小明星小婷（徐若萱 饰），却收到她的求救信息，原来小婷被高利贷抓走了。飞机更认识了小婷的朋友小曼（梁咏琪 饰），小曼跟飞机死去的女友样子几乎一模一样。火鸡为了能接近小婷，提出要保护两个女孩子。当他们4人都沉醉在爱情的甜蜜时，杀手天使计划要杀死四人……©豆瓣","王晶","","","郑伊健","陈小春","梁咏琪","徐若瑄"
"香港制造","1997","1292396","犯罪","剧情","爱情","8.2","有惨淡家境的香港街头小混混中秋（李灿森）虽对未来迷茫，为人却很豪爽讲义气，将总被人欺负的弱智男孩阿龙（李栋泉）当作自己的亲人“罩”着，可是在他被仇家捅成重伤躺在医院时，老大派去运毒的阿龙被人打死。\n而另外两个与他的生命有过交叉的少女——留下两封遗书跳楼自杀的女中学生 阿珊（谭嘉荃）、他爱上的等不到合适肾源医治绝症的濒死少女阿屏（严栩慈）——的“命中注定”，则加重了他青春的绝望。他能走的路，似乎只有听天由命。©豆瓣","陈果","","","李灿森","严栩慈","李栋全","谭嘉荃"
"西厢艳谭","","11758097","","","","","","","","","","","",""
"完全失控","1997","1302258","剧情","","","6.1","本片由两个故事构成，而这两个故事，说的是两种变态心理。当易性癖与死尸整形化妆师的爱情失控后。\n第一个故事讲述的是一个易性癖的男人装扮成女人，成功吸引了一个有老婆的男人。当那个男人的老婆知道情况后，向男人发火了。后来那个男扮女装的男人偷偷进到了那男人的家里，夫妻两回来后吓了一跳。而那个易性癖的男人此时很想知道那男人是否喜欢他，当男人当着妻子的面，对他说：“我喜欢你，但和从前不一样了。”易性癖默默走进了浴室，锁上门，很久没有出来。当警察赶到，浴室门被打开时，他已在浴室里自杀了。他为什么自杀？为何一切来得如此突然？对于一个他喜欢的男人，忽然感觉无法再拥有，他受不了，他一时无法接受这个事实，心情跌到低谷，于是完全失控，选择了死亡。后来他的妈妈说，他是一个好胜心很强的孩子，当发现他把自己装扮成女人时，她就知道，会有这么一天。\n第二个故事说的是一个有点恋尸意味的女人的爱情故事。Lily的妈妈是自杀死的，她觉得妈妈的死是快乐的，是妈妈的解脱。后来，她迷恋上了死亡，并选择了一份特别的工作，做死尸化妆师。后来她恋爱了男友劝她放弃这份工作，但被她拒绝了。一日，男友跟到了她做事的地方，并且似乎发现了她的异常举动。男友突然变得心神不定。深夜，Lily来找她，在他家中，他说她有病，劝她应该去看看心理医生，可她并不认同。第二天，男友显得那样疲惫。他打电话给Lily，让Lily来他家里，说是有礼物送给她。可当她来到他家中时，却发现男友已经上吊自杀了。原来男友想要送给她的礼物，是男友自己的尸体。至于他为什么要送这么一份礼物给她，他在电话里说：“喜欢你，就送给你咯。”也许是他太爱她，他曾恳求过她嫁给他，当他知道她有这么一种嗜好后，他六神无主，他惊慌失措，他完全失控，选择了自杀，将自己一具冰冷冷的尸首，留给自己喜欢的她。故事最后，她静静地坐在沙发上点燃一根香烟，默默地抽着，泪水湿润了她的眼睛，眼泪滴落下来，也许经历过这件事后，他应该悔过了，她已经悔过了，尽管一直眷恋死亡，但当她喜欢的男人真正死去后，她是伤心的，他为她而死，只因她眷恋死亡。\n两种变态，两个故事，两个悲惨的结局，让人看过之后，确实很不是滋味。电影通过两种不同寻常的人的故事，向观众展开了两段鲜为人知的故事。在现实生活中，这类特殊的人群是否能够得到人们的尊重，得到幸福？","侯永财","","","周蕾","趙敏","林保怡","林偉"
"猛鬼卡拉OK","1997","1308023","喜剧","恐怖","","5.6","新天地卡拉OK於一年前的盂兰节发生大火，二十多人丧命。在他们的一周年忌辰，他们要找仇人报复。CID左轮与鸡翼在侦查卡拉OK纵火案时误闯鬼域。女鬼红鞋求二人引元凶法兰西到来，但法有佛咒护身，二人唯有请Madam徐色诱法，令他除去佛咒,没了佛咒的护身,被害死的鬼魂全都出来把法兰西五马分尸,","邓衍成","","","陶大宇","黎耀祥","陈法蓉","钟甄"
"旺角大家姐","1994","3148529","动作","喜剧","恐怖","4.7","旺角大家姐被砍死后，其下属定制了100个纸人为其陪葬。纸人工黄莎莉因偷懒而没有按时完成任务，搭上了她师傅做的四个完美纸人。岂料这四个纸人是有灵魂的...\n砍死大家姐的古惑仔严冬正被女友要求退出江湖，但好友被杀令他不得不去报仇，没想到这一切都是大家姐魂魄的计谋...\n阿财是大家姐手下的胆小古惑仔，他因抽中了生死签而要为大家姐杀掉警方保护的证人。阿财带着小弟们去求大家姐放过他，不料错手杀死了大家姐...","郑伟文","","","苑琼丹","郑婉雯","张耀扬","林文龙"
"自梳","1997","1304648","剧情","爱情","同性","8.4","一段穿越50年时空的真情。两个女人的苦难与爱恨，让人心碎却也心醉。现代女性阿慧（李绮虹饰）从美国学习建筑业归来，在香港与大陆间经营事业，是个新时代的女强人。其男友（赵文煊饰）也是其下属，二人感情渐淡，男友移情别恋。阿慧伤心却也无奈。阿慧父亲委托阿慧陪其幼年时的奶妈欢姑（归亚蕾饰）回乡探旧友，两人一见面就针锋相对，相处不太愉快。随着旅程的进行，二人矛盾不断，却也渐渐磨合。欢姑在开导感情脆弱的阿慧时，道出了一段隐藏在心底的往事。\n40年代的广东顺德，女子还生活在男权制的枷锁下。年轻的意欢（杨采妮饰）被父亲卖于地主，她宁死不从，被途经路过的好心人，杏花楼妓女玉环（刘嘉玲饰）救下。玉环是当地织布厂厂主陈耀宗（董玮饰）的八姨太，与其他太太明争暗斗不断，却将意欢认为知己，二人无话不谈。意欢与青梅竹马的恋人（钱嘉乐饰）两情相悦却难成眷属。而玉环亦被丈夫出卖，成为军阀谈生意的玩物，愤怒之下，她离开了陈家。意欢对玉环不离不弃，令她十分感动，感情渐渐超越了友谊。而此时意欢与恋人在“买门槛”之夜出轨，玉环又担心又生气，终于忍不住告诉了意欢自己心底的秘密。有情人能否终成眷属？两个女人之间到底有什么秘密？阿慧能否度过情关？而欢姑苦苦寻找了50年的人又是谁？\n《自梳》是大导演张之亮的名作，朴实无华却感人肺腑，人性刻画深刻，对时代的敏感度也可见一二，是国产女同电影的最佳之作。©豆瓣","张之亮","","","刘嘉玲","杨采妮","归亚蕾","李绮虹"
"偷情男女","","3763243","","","","","","","","","","","",""
"误人子弟","1997","1299998","喜剧","爱情","","7.1","阿林（林海峰 饰）一直以来都梦想着能够手执教鞭站上讲台成为教书育人的老师。如今，他的理想终于成为了现实，可是直到此时，他才发现，现实是如此的枯燥和残酷。阿林每日要面对的是调皮的学生和机械化的教学任务，没过多久，阿林的热忱和理想就完全的被磨灭了。\n阿黄（黄秋生 饰）是阿林的同事兼好友，身为单身爸爸的他和五岁的儿子过着相依为命的生活。某日，学校里新调来了漂亮开朗的李老师（徐子淇 饰），李老师的出现让阿林和阿黄在苍白的生活里看到了新的色彩。阿林和阿黄同时喜欢上了李老师，但得知了阿黄的心意，阿林决定默默的退出。©豆瓣","叶伟信","","","林海峰","黄秋生","徐子淇","张达明"
"档案X杀人犯","1997","1307352","动作","","","6.1","林雨峰（元彪 饰）在一家跨国企业里担任保安经理的职位，一天，他于意外之中目睹了一场凶杀。被派往公司查账的李小姐身受重伤，在试图抢救李小姐的过程中，林雨峰被后者抓伤，因为这伤口，林雨峰成为了这场案件的头号嫌疑人，最终被判处死刑。\n清白无辜的林雨峰不甘心就这样枉死，于是逃回了国内，中国警方派出警官骆彬，联手菲律宾方面的罗莎里奥督查一起调查案件。逃亡中的林雨峰暗中找到了前妻阿珊（宣萱 饰），恳求她协助自己调查事件的真相，阿珊和林雨峰虽然已经离婚，但心里还是爱着前夫，于是鼎力相助，哪知道自己正一步一步的走入陷阱之中。©豆瓣","刘观伟","徐小健","","元彪","宣萱","张丰毅",""
"聊斋艳谭之幽媾","","3152358","","","","","","","","","","","",""
"特种飞虎","1997","5106381","剧情","动作","","0","黄家乐是飞虎队的狙击手，在一次行动中，乐未能及时解决匪徒，以致同伴崇邦被炸聋，乐因此被革职，而上司Joe也被迫提早退休。同伴Dicky因不满上司的过份惩罚，愤而辞职，旅居马尼拉当保镖。马尼拉富商黄人贵女儿被Tiger掳去，勒索三千万美金，贵重金聘请Dicky组特种飞虎救人。救人当晚各人就位，崇发现低估了Tiger之火力，逐马上通知各人，无奈Joe的对讲机亦在救人途中失掉了，各人被强大火力围困，虽然终能逃脱，但Joe己中弹死在崇邦怀中，各人痛定思痛从新振作，在严密部署下，再一次杀入贼巢，救出贵女，这时，贵己准备手枪迎接各人……","曹荣","","","徐濠萦","黄家诺","于荣光",""
"热血最强","1997","1299036","剧情","喜剧","爱情","6.7","简　　介\n青年干探铁男（古巨基）在一次放蛇行动中认识了私钟妹Fanny（杨采妮），Fanny常对人说她有一杀手男朋友会来带她走。Fanny利用铁男过骨，铁男喜欢Fanny，甘愿被她利用，传说中的杀手（巫奇）回来了，他杀死了黑社会集团大佬并带Fanny离开，被黑社会包围，铁男谨慎地布署，应付危机。\n幕后制作\n英雄动作片的类型，细节丰富生动，人物充满趣味。人物性格出人意料，从铁男的成长故事中，引出恋情、友情、父亲情结，以及个人职业成长与勇气培养的话题。全片从男主角的主观角度出发，反映了男主角主观世界的一厢情愿。梁柏坚曾经与吴宇森长期合作，1995年起摆脱吴宇森的影子另起炉灶。梁柏坚开始独立执导影片起，便与在著名编剧陈庆嘉合作。《热血最强》在1998的香港电影评论学会奖上受到好评，陈庆嘉因此获得了第四届香港电影评论学会奖最佳编剧称号，该片也同时获得了第四届香港电影评论学会奖推荐电影奖。","梁柏坚","","","古巨基","莫文蔚","杨采妮","曾志伟"
"四月四日","1997","1302471","剧情","恐怖","","6","女孩婷婷好几天没有去上课了，班主任徐老师决定家访，没想到在婷婷家经营的棺材铺里等待着她的竟然是婷婷家人的尸体，徐老师疯了，而婷婷无论如何也不愿意开口吐露一个字。警方判定徐老师为案件的凶手，将无人照拂的婷婷送入了孤儿院由社工萨姆（黄卓玲 饰）负责。\n然而，自从婷婷住进孤儿院后，萨姆的身边开始接二连三的出现了许多不可思议的古怪事件。不仅如此，婷婷诡异的举动让萨姆开始怀疑，她并不是一个单纯的因为受到过度惊吓而自闭的女孩。之后，孤儿院的校工莫名坠楼身亡，古怪的是，人们纷纷都认定萨姆就是凶手，萨姆就这样被关进了拘留所。©豆瓣","钱升玮","","","黄子华","罗兰","黄卓玲","张同祖"
"黑狱断肠歌之砌生猪肉","1997","1394466","犯罪","","","7.1","六十年代的香港警界贪污成风，导致黑狱重重，《正报》记者程安（梁朝伟 饰）撰文揭露警界黑幕，被探长张耀祖（吴毅将 饰）视为眼中钉。张耀祖陷害程安藏毒，使其入狱，更将程的女友小慈（张文慈 饰）玷污。程安在狱中作为帮派人士之外的“羊”，虽有羊头飞机木（吴孟达 饰）看顾，也受尽大佬们侮辱。程安凭借正气与知识为犯人声张权利，逐渐获得大佬们尊重，狱中生活有所好转。不久看守“无人性”（林国斌 饰）将犯人“三只脚”（徐锦江 饰）害死，程安借报界朋友使三只脚冤仇得雪。小慈依靠另一探长势力将张耀祖下狱，沦为犯人的张耀祖计划在狱中报复程安，两人的对决在所难免……©豆瓣","邓衍成","","","梁朝伟","吴孟达","林国斌","吴毅将"
"G4特工","1997","1298125","动作","","","6","阿羿（张智霖 饰）是一名特警，执行任务时偶然发现了某公司老板跟韩国的激进分子有密切的联系，更打算从台湾偷运武器到香港。阿羿很快掌握到情报并与之展开了搏斗，不料他的领队晟（黄秋生 饰）在枪林弹雨正牺牲了，首犯金也逃脱了。\n后来阿羿转职加入了G4行列，任务是保护政府要员的安全。每天劳碌工作的他无暇顾及女友凯莉（李若彤 饰），两人之间的感情出现裂痕。\n可是阿羿没有忘记要为自己当年的好队友报仇，正在这个时候，阿金又出现了，更打算再次与韩国分子联手。阿羿势要抓紧机会，为好友报仇，将犯罪分子绳之于法。©豆瓣","林超贤","","","张智霖","黄秋生","李若彤","陈法蓉"
"夜半3点钟","1997","1479884","喜剧","恐怖","","5.7","影片由三个故事组成：\n1.一名五年级的女生被同学怀疑偷了名牌书包而自杀身亡，女记者（李绮虹 饰）奉命追查这起事故。当她来到了小女孩所住的屋村时，一邻居说自己常在半夜三点钟见到女孩出现，该女记者决定在这恐怖的气氛中一探到底。\n2.四名女孩（陈彦行、黄纪莹、纪炎炎、汤宝如）相约到长洲度假。但当时是旅游旺季，当她们到达长洲后已经找不到住处，不知情的她们在情急的情况下租下了有名的鬼屋，到了半夜三点钟，她们确实看到了些令人心寒的东西……\n3.维修工人大烂疮（陈小春 饰）与阿金（张达明 饰）在修理电梯时找到了一条金项链。两人欣喜并私分了项链。一晚，他们在工地里遇到了恐怖的事。©豆瓣","钱永强","","","陈小春","李绮虹","张达明","陈彦行"
"恐怖鸡","1997","1472532","犯罪","惊悚","恐怖","7.4","某雨夜，深圳一名妓女斯琴爱儿被女通缉犯叶小雁（吴倩莲 饰）狠狠的勒死了，小雁为的是得到斯琴爱儿的身份。小雁乔装成爱儿的样子，顺利通过了海关到达了香港，报失了身份证后，小雁成功取得了爱儿的身份。爱儿本身有个香港老公才得到了香港居民的身份，此时爱儿的老公也在苦苦等候妻子抵步。\n小雁选中了嫖客陈启明（黎耀祥 饰），启明是个计程车司机，离异后把女儿交给母亲抚养很少过问。小雁首先把启明撞成残废，然后潜入了他的家中把他禁锢，详细询问了他的身世。怎料启明的母亲前往探望儿子，凶狠的小雁为了计划，把启明的母亲杀害了，更骗走了启明的女儿。\n在小雁领取身份证当天，爱儿的丈夫发现了小雁的嫌疑，一直跟踪她至启明的家中。打斗中小雁的丈夫（陈豪 饰）出现了，原来他们夫妇俩同时通缉犯，并要得到启明的身份与他的双手……©豆瓣","曾瑾昌","","","吴倩莲","黎耀祥","陈豪","黄文慧"
"生日多恋事","1997","3081410","动作","","","5.2","小师傅（吴奇隆饰）生日当天，其好友为其庆祝，喝得大醉并结伴到旅馆召妓享受人生。小师傅害羞不敢有所行动，又看妓女阿云（吴辰君饰）很可怜，正想离开，却碰上警察查房，一阵混乱下两人分别逃走，却又老是碰在一起，阿云不幸扭伤了脚，小师傅于心不忍下带她回自己家躲藏。以后几天，小师傅为阿云疗伤，细心照顾，同住一屋檐下却绝无非份之举动，阿云对其情愫渐生，小师傅亦同。阿云是被人蛇集团骗来香港卖淫的，初次被迫接客就遇到了善良的小师傅，小师傅为救其出火坑，先是透过友人，请其在黑道的叔叔出面帮忙，然而集团大哥不卖面子，还故意刁难，小师傅为筹钱伤透脑筋。为免小师傅为自己受苦受难，阿云无奈留书离开，回到集团中受控制。小师傅为自己救不了阿云而灰心丧志，直到被友人一席话点醒，独闯蛇窟击败众打手救出阿云，取回她的护照。此举让集团大哥大为发火，强逼小师傅友人问出其住处，同时间小师傅已带阿云欲回大陆，大哥找不到两人又找到小师傅祖母逼问，正危急间……","陈会毅","","","吴奇隆","吴镇宇","吴辰君",""
"十五亿杀人网络","1997","1305063","动作","犯罪","惊悚","5.6","剧情描述叶芳华是香港一家基金公司的经理，她为了巩固在公司中的地位，私自调了一亿美元参予收购印尼油井计划，但合作公司却声称并无此计划。叶飞往印尼了解实情，发现合作人周文健并非当初在港洽谈计划的人，而周也被骗巨款。","邓衍成","杨逸德","","叶芳华","周文健","彭丹",""
"初缠恋后的2人世界","1997","1308174","剧情","","","7.8","风格别致的伪自传片，由两个故事组成。第一个故事的主角是一个梦游少女（李维维 饰），她每晚梦游都会游走于不同的地方，一天她突发奇想在头上装了一个摄像头，于是她白天的所有事就变成了观看她与神经质男孩（金城武 饰）在夜晚的奇遇，渐渐地他们相爱了，但是各有问题的两个人能不能走在一起呢？第二段故事讲的是李一平（葛民辉 饰）经过了不成功的初恋，对初恋情人赵美娜（莫文蔚 饰）又爱又恨不能忘怀，他带着负罪感躲藏了多年，但是有一天还是被美娜发现了行踪，害怕被暗杀的一平陷入了焦虑。\n本片是葛民辉自导自演的处女作，值得一提的是本片的监制是王家卫，摄影是杜可风，编剧是日后转作导演的叶念琛，全片风格深得王家卫真传。©豆瓣","葛民辉","","","葛民辉","金城武","莫文蔚","李维维"
"憨星先生","1997","1303715","喜剧","科幻","","5.5","導演馬偉豪將Moon方及雲海拍成電影""戇星先生""...\n大學生卡路與男友到離島度假，不幸被外星人擄走作交配實驗，她以為是做夢，回家後腹部竟然隆起，產下怪嬰，卡路決心把怪嬰拋棄，怪嬰在瞬間內長大成人，並擁有特殊能力。一次機緣認識UFO學會會長欣，欣一直沉迷於外星人研究，渴望與外星人接觸，而怪嬰卻偷偷對欣產生．．","马伟豪","","","袁咏仪","葛民辉","冯德伦",""
"超级无敌追女仔2狗仔雄心","1997","3211018","喜剧","爱情","","5.6","屈周刊专揭人私隐，公司拥有一队训练有素的狗仔队，行动如职业特工队，随时候命四处搜罗天下丑闻。队长辛力啤与队员黑仔程和林谂临，受命跟踪四人女子乐队，到船上采访她们的行为举动，三人与乐队成员竟产生情愫，由追料变成追女仔，更与西周刊的狗仔队展开采访战。","曹建南","","","杨恭如","吴辰君","关秀媚","张文慈"
"黑金","1997","1292962","犯罪","","","7.7","调查局机动组组长方国辉（刘德华）为人干练嫉恶如仇，与手下对周朝先（梁家辉）经营的电玩场进行监拍时，拿到其经营地下赌场的证据，将其告上法庭，岂料法官被收买，周朝先被判无罪当庭释放。与黑金挂勾的侯部长（李立群）暗中施压，调查局勒令方国辉休假，停止对周朝先的调查。\n周朝先为进一步控制台湾的政治，在记者会上公开声明要退党参选立法委员，欲与代表党竞选的黑帮老大丁宗树对着干。方国辉沮丧之际，得电视台女记者凌飞（吴辰君）和法务部冯部长的鼓励重回工作岗位，却被丁宗树盯上，欲将他杀死后再嫁祸周朝先，好一石二鸟。©豆瓣","麦当杰","","","刘德华","梁家辉","孙佳君","吴辰君"
